<?xml version="1.0" encoding="UTF-8" ?>
<XMLDB PATH="local/reminders/db" VERSION="20141211" COMMENT="XMLDB file for Moodle local/reminders"
    xmlns:xsi="http://www.w3.org/2001/XMLSchema-instance"
    xsi:noNamespaceSchemaLocation="../../../lib/xmldb/xmldb.xsd"
>
  <TABLES>
    <TABLE NAME="local_reminders" COMMENT="Using to append records about reminders sent flags.">
      <FIELDS>
        <FIELD NAME="id" TYPE="int" LENGTH="10" NOTNULL="true" SEQUENCE="true"/>
        <FIELD NAME="time" TYPE="char" LENGTH="16" NOTNULL="true" SEQUENCE="false"/>
        <FIELD NAME="type" TYPE="char" LENGTH="32" NOTNULL="false" SEQUENCE="false"/>
      </FIELDS>
      <KEYS>
        <KEY NAME="primary" TYPE="primary" FIELDS="id" COMMENT="The unique id for each local reminders cron cycle."/>
      </KEYS>
    </TABLE>
    <TABLE NAME="local_reminders_course" COMMENT="Course specific settings whether or not send reminders.">
      <FIELDS>
        <FIELD NAME="id" TYPE="int" LENGTH="10" NOTNULL="true" SEQUENCE="true"/>
        <FIELD NAME="courseid" TYPE="int" LENGTH="10" NOTNULL="true" SEQUENCE="false"/>
        <FIELD NAME="status_course" TYPE="int" LENGTH="2" NOTNULL="true" DEFAULT="1" SEQUENCE="false"/>
        <FIELD NAME="status_activities" TYPE="int" LENGTH="2" NOTNULL="true" DEFAULT="1" SEQUENCE="false"/>
        <FIELD NAME="status_group" TYPE="int" LENGTH="2" NOTNULL="true" DEFAULT="1" SEQUENCE="false"/>
      </FIELDS>
      <KEYS>
        <KEY NAME="primary" TYPE="primary" FIELDS="id"/>
        <KEY NAME="relatedcourse" TYPE="foreign-unique" FIELDS="courseid" REFTABLE="course" REFFIELDS="id"/>
      </KEYS>
    </TABLE>
  </TABLES>
</XMLDB>