<?xml version="1.0" encoding="UTF-8" ?>
<XMLDB PATH="blocks/accessibility/db" VERSION="20111220" COMMENT="XMLDB file for Moodle blocks/accessibility"
    xmlns:xsi="http://www.w3.org/2001/XMLSchema-instance"
    xsi:noNamespaceSchemaLocation="../../../lib/xmldb/xmldb.xsd"
>
  <TABLES>
    <TABLE NAME="block_accessibility" COMMENT="Default comment for accessibility, please edit me">
      <FIELDS>
        <FIELD NAME="id" TYPE="int" LENGTH="10" NOTNULL="true" UNSIGNED="true" SEQUENCE="true" NEXT="userid"/>
        <FIELD NAME="userid" TYPE="int" LENGTH="10" NOTNULL="true" UNSIGNED="true" SEQUENCE="false" PREVIOUS="id" NEXT="fontsize"/>
        <FIELD NAME="fontsize" TYPE="number" LENGTH="4" NOTNULL="false" UNSIGNED="true" SEQUENCE="false" DECIMALS="1" PREVIOUS="userid" NEXT="colourscheme"/>
        <FIELD NAME="colourscheme" TYPE="int" LENGTH="1" NOTNULL="false" UNSIGNED="true" SEQUENCE="false" PREVIOUS="fontsize" NEXT="autoload_atbar"/>
        <FIELD NAME="autoload_atbar" TYPE="int" LENGTH="1" NOTNULL="true" UNSIGNED="true" DEFAULT="0" SEQUENCE="false" COMMENT="Has the user set ATbar to autoload?" PREVIOUS="colourscheme"/>
      </FIELDS>
      <KEYS>
        <KEY NAME="primary" TYPE="primary" FIELDS="id"/>
      </KEYS>
    </TABLE>
  </TABLES>
</XMLDB>